"idddl","titolo","dataPresentazione","dataApprovazione"
28329,"Disposizioni concernenti il divieto di svolgimento di propaganda elettorale per le persone sottoposte a misure di prevenzione","2010-02-25",2010-10-06
32893,"Disposizioni per l'adempimento di obblighi derivanti dall'appartenenza dell'Italia alle Comunità europee - Legge comunitaria 2009","2010-04-23",2010-05-12
33830,"Conversione in legge, con modificazioni, del decreto-legge 26 marzo 2011, n. 27, recante misure urgenti per la corresponsione di assegni una tantum al personale delle Forze di polizia, delle Forze armate e del Corpo nazionale dei vigili del fuoco","2011-05-04",2011-05-18
30744,"Conversione in legge, con modificazioni, del decreto-legge 23 febbraio 2009, n. 11, recante misure urgenti in materia di sicurezza pubblica e di contrasto alla violenza sessuale, nonché in tema di atti persecutori","2009-04-08",2009-04-22
33494,"Conversione in legge, con modificazioni, del decreto-legge 29 dicembre 2010, n. 225, recante proroga di termini previsti da disposizioni legislative e di interventi urgenti in materia tributaria e di sostegno alle imprese e alle famiglie","2011-02-25",2011-02-26
30026,"Delega al Governo in materia di federalismo fiscale, in attuazione dell'articolo 119 della Costituzione","2009-03-26",2009-04-29
27457,"Conversione in legge del decreto-legge 8 aprile 2008, n. 60, recante disposizioni finanziarie urgenti in materia di trasporti ferroviari regionali","2008-05-22",2008-05-27
29543,"Istituzione della Giornata nazionale contro la pedofilia e la pedopornografia","2008-12-11",2009-04-29
34254,"Disposizioni per l'adempimento di obblighi derivanti dall'appartenenza dell'Italia alle Comunità europee - Legge comunitaria 2010","2011-07-28",2011-11-30
32386,"Piano straordinario contro le mafie, nonché delega al Governo in materia di normativa antimafia","2010-05-31",2010-08-03
33164,"Disposizioni per la formazione del bilancio annuale e pluriennale dello Stato (legge di stabilità 2011)","2010-11-19",2010-12-07
32083,"Conversione in legge, con modificazioni, del decreto-legge 30 dicembre 2009, n. 194, recante proroga di termini previsti da disposizioni legislative","2010-02-24",2010-02-25
28551,"Disposizioni in materia di impedimento a comparire in udienza","2010-02-03",2010-03-10
30915,"Ratifica ed esecuzione della Convenzione del Consiglio d'Europa per la protezione dei minori contro lo sfruttamento e l'abuso sessuale, fatta a Lanzarote il 25 ottobre 2007, nonché norme di adeguamento dell'ordinamento interno","2012-07-09",2012-09-19
30192,"Conversione in legge, con modificazioni,  del decreto-legge 6 novembre 2008, n. 172, recante misure straordinarie per fronteggiare l'emergenza nel settore dello smaltimento dei rifiuti nella regione Campania, nonché misure urgenti di tutela ambientale","2008-12-16",2008-12-22
34805,"Conversione in legge, con modificazioni, del decreto-legge 6 dicembre 2011, n. 201, recante disposizioni urgenti per la crescita, l'equità e il consolidamento dei conti pubblici","2011-12-16",2011-12-22
34187,"Conversione in legge, con modificazioni, del decreto-legge 23 giugno 2011, n. 89, recante disposizioni urgenti per il completamento dell'attuazione della direttiva 2004/38/CE sulla libera circolazione dei cittadini comunitari e per il recepimento della direttiva 2008/115/CE sul rimpatrio dei cittadini di Paesi terzi irregolari","2011-07-14",2011-08-02
34019,"Conversione in legge, con modificazioni,  del decreto-legge 13 maggio 2011, n. 70, concernente Semestre Europeo - Prime disposizioni urgenti per l'economia","2011-06-22",2011-07-07
27142,"Conversione in legge, con modificazioni, del decreto-legge 23 aprile 2008, n. 80, recante misure urgenti per assicurare il pubblico servizio di trasporto aereo","2008-06-11",2008-06-19
27614,"Istituzione della ""Giornata del ricordo dei Caduti militari e civili nelle missioni internazionali per la pace""","2009-10-28",2009-11-12
29890,"Conversione in legge, con modificazioni, del decreto-legge 25 settembre 2008, n. 149, recante disposizioni urgenti per assicurare adempimenti comunitari in materia di giochi","2008-11-07",2008-11-18
28585,"Modifiche all'articolo 1 del decreto-legge 3 gennaio 2006, n. 1, convertito, con modificazioni, dalla legge 27 gennaio 2006, n. 22, in materia di ammissione al voto domiciliare di elettori affetti da infermità che ne rendano impossibile l'allontanamento dall'abitazione","2009-04-29",2009-05-06
33299,"Conversione in legge, con modificazioni, del decreto-legge 12 novembre 2010, n. 187, recante misure urgenti in materia di sicurezza","2010-12-03",2010-12-15
29753,"Conversione in legge, con modificazioni, del decreto-legge 28 agosto 2008, n. 134, recante disposizioni urgenti in materia di ristrutturazione di grandi imprese in crisi","2008-10-22",2008-10-24
27434,"Conversione in legge, con modificazioni, del decreto-legge 8 aprile 2008, n. 59, recante disposizioni urgenti per l'attuazione di obblighi comunitari e l'esecuzione di sentenze della Corte di giustizia delle Comunità europee","2008-05-29",2008-06-04
32156,"Conversione in legge, con modificazioni, del decreto-legge 25 gennaio 2010, n. 2, recante interventi urgenti concernenti enti locali e regioni","2010-03-16",2010-03-23
31574,"Conversione in legge, con modificazioni, del decreto legge 25 settembre 2009, n. 134, recante disposizioni urgenti per garantire la continuità del servizio scolastico ed educativo per l'anno 2009-2010","2009-10-23",2009-11-18
34807,"Norme in materia di riduzione dei contributi pubblici in favore dei partiti e dei movimenti politici, nonché misure per garantire la trasparenza e i controlli dei rendiconti dei medesimi. Delega al Governo per l'adozione di un testo unico delle leggi concernenti il finanziamento dei partiti e dei movimenti politici e per l'armonizzazione del regime relativo alle detrazioni fiscali","2012-05-28",2012-07-05
31931,"Norme in materia di organizzazione delle università, di personale accademico e reclutamento, nonché delega al Governo per incentivare la qualità e l'efficienza del sistema universitario","2010-12-01",2010-12-23
35414,"Conversione in legge, con modificazioni, del decreto-legge 15 maggio 2012, n. 59, recante disposizioni urgenti per il riordino della protezione civile","2012-06-21",2012-07-11
32615,"Conversione in legge, con modificazioni,  del decreto-legge 28 aprile 2010, n. 63, recante disposizioni urgenti in tema di immunita' di Stati esteri dalla giurisdizione italiana e di elezioni degli organismi rappresentativi degli italiani all'estero","2010-05-25",2010-06-16
29996,"Conversione in legge, con modificazioni, del decreto-legge 9 ottobre 2008, n. 155,  recante misure urgenti per garantire la stabilita' del sistema creditizio e la continuita' nell'erogazione del credito alle imprese e ai consumatori, nell'attuale situazione di crisi dei mercati finanziari internazionali","2008-11-25",2008-12-03
29065,"Disposizioni in materia di sicurezza pubblica","2009-05-14",2009-07-02
29718,"Disposizioni per lo sviluppo e l'internazionalizzazione delle imprese, nonché in materia di energia","2009-07-02",2009-07-09
30403,"Istituzione dell'Autorità garante per l'infanzia e l'adolescenza","2011-03-22",2011-06-22
29467,"Distacco dei comuni di Busnago, Caponago, Cornate d'Adda, Lentate sul Seveso  e Roncello dalla provincia di Milano e loro aggregazione alla provincia di Monza e della Brianza, ai sensi dell'articolo 133, primo comma, della Costituzione","2009-07-29",2009-12-02
29452,"Disposizioni in materia di sospensione del processo penale nei confronti delle alte cariche dello Stato","2008-07-10",2008-07-22
30461,"Conversione in legge, con modificazioni, del decreto-legge 22 dicembre 2008, n. 200, recante misure urgenti in materia di semplificazione normativa","2009-01-28",2009-02-17
31948,"Conversione in legge, con modificazioni, del decreto-legge 27 novembre 2009, n.170, recante disposizione correttiva del decreto-legge 25 settembre 2009, n. 134, convertito, con modificazioni, dalla legge 24 novembre 2009, n. 167, in materia di concorsi per dirigenti scolastici","2009-12-10",2009-12-16
29754,"Conversione in legge, con modificazioni, del decreto-legge 1° settembre 2008, n. 137, recante disposizioni urgenti in materia di istruzione e università","2008-10-09",2008-10-29
31283,"Disposizioni per l'assestamento del bilancio dello Stato e dei bilanci delle Amministrazioni autonome per l'anno finanziario 2009","2009-07-23",2009-07-30
33060,"Interpretazione autentica del comma 2 dell'articolo 1 della legge 23 novembre 1998, n. 407, in materia di applicazione delle disposizioni concernenti le assunzioni obbligatorie e le quote di riserva in favore dei disabili","2011-02-02",2011-02-23
29368,"Ratifica ed esecuzione della Convenzione civile sulla corruzione, fatta a Strasburgo il 4 novembre 1999","2010-09-30",2012-06-21
27207,"Modifiche alla disciplina del condominio negli edifici","2012-09-28",2012-11-20
34586,"Rendiconto generale dell'Amministrazione dello Stato per l'esercizio finanziario 2010","2011-10-20",2011-11-08
27546,"Modifiche al codice di procedura penale e alla legge 26 luglio 1975, n. 354, e altre disposizioni a tutela del rapporto tra detenute madri e figli minori","2011-02-18",2011-03-30
29719,"Disposizioni per lo sviluppo economico, la semplificazione, la competitività nonché in materia di processo civile","2009-05-04",2009-05-26
31218,"Conversione in legge del decreto-legge 15 giugno 2009, n. 61, recante disposizioni urgenti in materia di contrasto alla pirateria","2009-07-01",2009-07-08
34858,"Conversione in legge, con modificazioni, del decreto-legge 22 dicembre 2011, n. 212, recante disposizioni urgenti in materia di composizione delle crisi da sovraindebitamento e disciplina del processo civile","2012-02-14",2012-02-15
30470,"Ratifica ed esecuzione del Trattato di amicizia, partenariato e cooperazione tra la Repubblica italiana e la Grande Giamahiria araba libica popolare socialista, fatto a Bengasi il 30 agosto 2008","2009-01-22",2009-02-03
29005,"Conversione in legge, con modificazioni,  del decreto-legge 27 maggio 2008, n. 93, recante disposizioni urgenti per salvaguardare il potere di acquisto delle famiglie","2008-07-02",2008-07-17
30099,"Conversione in legge, con modificazioni, del decreto-legge 23 ottobre 2008, n. 162, recante interventi urgenti in materia di adeguamento dei prezzi di materiali da costruzione, di sostegno ai settori dell'autotrasporto, dell'agricoltura e della pesca professionale, nonché di finanziamento delle opere per il G8 e definizione degli adempimenti tributari per le regioni Marche ed Umbria, colpite dagli eventi sismici del 1997","2008-12-17",2008-12-18
30464,"Conversione in legge, con modificazioni, del decreto-legge 30 dicembre 2008, n. 209, recante  proroga della partecipazione italiana a missioni internazionali","2009-01-22",2009-02-18
33496,"Conversione in legge, con modificazioni, del decreto legge 29 dicembre 2010, n. 228 recante proroga degli interventi di cooperazione allo sviluppo e a sostegno dei processi di pace e di stabilizzazione, nonché delle missioni internazionali delle forze armate e di polizia","2011-01-26",2011-02-16
32886,"Conversione in legge, con modificazioni, del decreto-legge 6 luglio 2010, n.102, recante proroga degli interventi di cooperazione allo sviluppo e a sostegno dei processi di pace, di stabilizzazione e delle missioni internazionali delle Forze armate e di polizia","2010-07-21",2010-08-03
27615,"Disposizioni per l'ammissione dei soggetti fabici nelle Forze armate e di polizia","2009-07-29",2010-07-06
32913,"Ratifica ed esecuzione dell'Accordo tra la Repubblica italiana e la Presidenza dell'Iniziativa centro-europea - InCE - sull'istituzione del Segretariato esecutivo InCE a Trieste, fatto a Vienna il 29 maggio 2009","2010-09-15",2011-03-03
30410,"Ratifica ed esecuzione dei seguenti atti internazionali:a) Strumento così come contemplato dall'articolo 3(2) dell'Accordo di estradizione tra gli Stati Uniti d'America e l'Unione europea firmato il 25 giugno 2003, in relazione all'applicazione del Trattato di estradizione tra il Governo degli Stati Uniti d'America e il Governo della Repubblica italiana firmato il 13 ottobre 1983, fatto a Roma il 3 maggio 2006;b) Strumento così come contemplato dall'articolo 3(2) dell'Accordo sulla mutua assistenza giudiziaria tra gli Stati Uniti d'America e l'Unione europea firmato il 25 giugno 2003,in relazione all'applicazione del Trattato tra gli Stati Uniti d'America e la Repubblica italiana sulla mutua assistenza in materia penale firmato il 9 novembre 1982, fatto a Roma il 3 maggio 2006","2009-02-25",2009-03-12
33501,"Ratifica ed esecuzione dell'Accordo di cooperazione culturale tra il Governo della Repubblica italiana e il Governo della Repubblica Araba Siriana fatto a Roma l'11 settembre 2008","2011-02-09",2011-03-03
30897,"Ratifica ed esecuzione dei Protocolli di attuazione della Convenzione internazionale per la protezione delle Alpi, con annessi, fatta a Salisburgo il 7 novembre 1991","2011-10-26",2012-03-21
32897,"Ratifica ed esecuzione della Convenzione tra il Governo della Repubblica italiana ed il Governo del Canada per evitare le doppie imposizioni in materia di imposte sul reddito e per prevenire le evasioni fiscali, con Protocollo d'intesa, fatta ad Ottawa il 3 giugno 2002","2011-01-12",2011-03-03
34993,"Ratifica ed esecuzione del Trattato tra il Regno del Belgio, la Repubblica di Bulgaria, la Repubblica ceca, il Regno di Danimarca, la Repubblica federale di Germania, la Repubblica di Estonia, l'Irlanda, la Repubblica ellenica, il Regno di Spagna, la Repubblica francese, la Repubblica italiana, la Repubblica di Cipro, la Repubblica di Lettonia, la Repubblica di Lituania, il Granducato di Lussemburgo, la Repubblica di Ungheria, la Repubblica di Malta, il Regno dei Paesi Bassi, la Repubblica d'Austria, la Repubblica di Polonia, la Repubblica portoghese, la Romania, la Repubblica di Slovenia, la Repubblica slovacca, la Repubblica di Finlandia, il Regno di Svezia, il Regno unito di Gran Bretagna e Irlanda del nord (Stati membri dell'Unione europea) e la Repubblica di Croazia, relativo all'adesione della Repubblica di Croazia all'Unione europea, e dell'Atto relativo alle condizioni di adesione, con allegati, protocollo, Atto finale, dichiarazioni e scambio di lettere, fatto a Bruxelles il 9 dicembre 2011","2012-02-16",2012-02-28
33711,"Ratifica ed esecuzione dell'Accordo tra il Governo della Repubblica italiana ed il Governo dello Stato del Qatar sulla cooperazione nel settore della difesa, fatto a Doha il 12 maggio 2010","2011-07-29",2011-09-29
31273,"Ratifica ed esecuzione dell'Accordo di cooperazione relativo a un Sistema globale di navigazione satellitare (GNSS) ad uso civile tra la Comunità europea e i suoi Stati membri, e il Regno del Marocco, fatto a Bruxelles il 12 dicembre 2006","2009-07-29",2009-09-23
32901,"Ratifica ed esecuzione dell'Accordo di stabilizzazione e di associazione tra le Comunità europee e i loro Stati membri, da una parte, e la Repubblica di Serbia, dall'altra, con Allegati, Protocolli e Atto finale e Dichiarazioni, fatto a Lussemburgo il 29 aprile 2008","2010-07-22",2010-08-03
32729,"Ratifica ed esecuzione dell'Accordo tra il Governo della Repubblica italiana e il Governo della Repubblica di Belarus sulla cooperazione e la mutua assistenza amministrativa in materia doganale, con allegato, fatto a Minsk il 18 aprile 2003","2010-07-07",2010-10-27
31274,"Ratifica ed esecuzione dell'Accordo Euromediterraneo sul trasporto aereo, fra la Comunità europea e i suoi Stati membri, da un lato, e il Regno del Marocco, dall'altro, fatto a Bruxelles il 12 dicembre 2006","2009-07-29",2009-09-23
30242,"Ratifica ed esecuzione della Convenzione tra il Governo della Repubblica italiana ed il Governo degli Stati Uniti d'America per evitare le doppie imposizioni in materia di imposte sul reddito e per prevenire le frodi o le evasioni fiscali, con Protocollo e Verbale d'intesa, fatta a Washington il 25 agosto 1999, con Scambio di Note effettuato a Roma il 10 aprile 2006 e il 27 febbraio 2007","2009-01-20",2009-02-19
29770,"Ratifica ed esecuzione del Protocollo Aggiuntivo alle Convenzioni di Ginevra del 12 agosto 1949, relativo all'adozione di un emblema aggiuntivo (Protocollo III), fatto a Ginevra l'8 dicembre 2005","2008-09-25",2008-10-09
30334,"Conversione in legge, con modificazioni, del decreto-legge 29 novembre 2008, n. 185, recante misure urgenti per il sostegno a famiglie, lavoro, occupazione e impresa e per ridisegnare in funzione anti - crisi il quadro strategico nazionale","2009-01-15",2009-01-27
32458,"Conversione in legge, con modificazioni,  del decreto-legge 25 marzo 2010, n.40 recante disposizioni urgenti tributarie e finanziarie in materia di contrasto alle frodi fiscali internazionali e nazionali operate, tra l'altro, nella forma dei cosiddetti «caroselli» e «cartiere», di potenziamento e razionalizzazione della riscossione tributaria anche in adeguamento alla normativa comunitaria, di destinazione dei gettiti recuperati al finanziamento di un Fondo per incentivi e sostegno della domanda in particolari settori","2010-05-06",2010-05-19
32469,"Istituzione della Giornata nazionale in memoria delle vittime dei disastri ambientali e industriali causati dall'incuria dell'uomo","2010-10-07",2011-06-01
35124,"Conversione in legge, con modificazioni, del decreto-legge 2 marzo 2012, n. 16, recante disposizioni urgenti in materia di semplificazioni tributarie, di efficientamento e potenziamento delle procedure di accertamento","2012-04-19",2012-04-24
28946,"Conversione in legge, con modificazioni, del decreto-legge 23 maggio 2008, n. 90, recante misure straordinarie per fronteggiare l'emergenza nel settore dello smaltimento dei rifiuti nella regione Campania e ulteriori disposizioni di protezione civile","2008-06-25",2008-07-09
35743,"Conversione in legge del decreto-legge 7 agosto 2012, n. 129, recante disposizioni urgenti per il risanamento ambientale e la riqualificazione del territorio della città di Taranto","2012-09-18",2012-10-03
32616,"Conversione in legge, con modificazioni, del decreto-legge 30 aprile 2010, n. 64, recante disposizioni urgenti in materia di spettacolo e attività culturali","2010-06-24",2010-06-29
30222,"Disposizioni per la valorizzazione dell'Abbazia della Santissima Trinità di Cava de' Tirreni","2009-04-30",2009-06-17
29339,"Disposizioni per la celebrazione del secondo centenario della nascita di Giuseppe Verdi","2012-08-07",2012-10-24
28518,"Istituzione del premio annuale ""Arca dell'arte - Premio nazionale Rotondi ai salvatori dell'arte""","2009-06-22",2009-07-29
27458,"Conversione in legge del decreto-legge 8 aprile 2008, n. 61, recante disposizioni finanziarie urgenti in materia di protezione civile","2008-05-22",2008-05-28
30380,"Disposizioni per consentire la candidatura dell'Italia come Paese ospitante delle edizioni della Coppa del mondo di rugby degli anni 2015 e 2019","2009-05-05",2009-05-06
34772,"Disposizioni per la valorizzazione e la promozione turistica delle valli e dei comuni montani sede dei siti dei Giochi olimpici invernali ""Torino 2006""","2012-03-02",2012-04-18
31205,"Concessione di un contributo in favore della Fondazione Centro di documentazione ebraica contemporanea - CDEC - organizzazione non lucrativa di utilità sociale","2009-07-29",2009-10-06
31100,"Riconoscimento della personalità giuridica della Scuola per l'Europa di Parma","2009-07-27",2009-07-29
29147,"Nuova disciplina del prezzo dei libri","2011-06-28",2011-07-20
36070,"Conversione in legge, con modificazioni, del decreto-legge 3 dicembre 2012, n. 207, recante disposizioni urgenti a tutela della salute, dell'ambiente e dei livelli di occupazione, in caso di crisi di stabilimenti industriali di interesse strategico nazionale","2012-12-19",2012-12-20
35513,"Conversione in legge, con modificazioni, del decreto-legge 6 giugno 2012, n. 74, recante interventi urgenti in favore delle popolazioni colpite dagli eventi sismici che hanno interessato il territorio delle province di Bologna, Modena, Ferrara, Mantova, Reggio Emilia e Rovigo, il 20 e il 29 maggio 2012","2012-07-11",2012-08-01
33668,"Norme sull'acquisizione di conoscenze e competenze in materia di ""Cittadinanza e Costituzione"" e sull'insegnamento dell'inno di Mameli nelle scuole","2012-06-20",2012-11-08
33511,"Norme per consentire il trapianto parziale di polmone, pancreas e intestino tra persone viventi","2012-05-09",2012-09-13
35768,"Conversione in legge, con modificazioni, del decreto-legge 13 settembre 2012, n. 158, recante disposizioni urgenti per promuovere lo sviluppo del Paese mediante un più alto livello di tutela della salute","2012-10-19",2012-10-31
31586,"Disposizioni per la formazione del bilancio annuale e pluriennale dello Stato (legge finanziaria 2010)","2009-12-18",2009-12-22
29773,"Nuove norme in materia di disturbi specifici d'apprendimento in ambito scolastico","2010-06-11",2010-09-29
31303,"Conversione in legge, con modificazioni, del decreto legge 1° luglio 2009, n. 78, recante provvedimenti anticrisi, nonché proroga di termini e della partecipazione italiana a missioni internazionali","2009-07-28",2009-08-01
35588,"Conversione in legge, con modificazioni, del decreto-legge 22 giugno 2012, n. 83, recante misure urgenti per la crescita del Paese","2012-07-27",2012-08-03
35172,"Conversione in legge, con modificazioni, del decreto-legge 15 marzo 2012, n. 21, recante norme in materia di poteri speciali sugli assetti societari nei settori della difesa e della sicurezza nazionale, nonché per le attività di rilevanza strategica nei settori dell'energia, dei trasporti e delle comunicazioni","2012-04-12",2012-05-09
35550,"Modifiche alla legge 3 agosto 2007, n. 124, concernente il Sistema di informazione per la sicurezza della Repubblica e la disciplina del segreto","2012-07-23",2012-08-01
35395,"Conversione in legge, con modificazioni, del decreto-legge 12 maggio 2012, n. 57, recante disposizioni urgenti in materia di tutela della salute e della sicurezza nei luoghi di lavoro nel settore dei trasporti e delle microimprese","2012-06-08",2012-07-10
35901,"Ratifica ed esecuzione dell'Accordo tra il Governo della Repubblica italiana e il Governo della Repubblica dell'India sul trasferimento delle persone condannate, fatto a Roma il 10 agosto 2012","2012-10-19",2012-10-25
35368,"Conversione in legge, con modificazioni, del decreto-legge 7 maggio 2012, n. 52, recante disposizioni urgenti per la razionalizzazione della spesa pubblica","2012-07-03",2012-07-04
32912,"Modifiche ed integrazioni al decreto legislativo 9 marzo 1948, n. 812, recante nuove norme relative all'Ordine della Stella della solidarietà italiana","2010-10-15",2011-01-26
30443,"Ratifica ed esecuzione del Trattato di amicizia, partenariato e cooperazione fra la Repubblica italiana e la Repubblica dell'Iraq, fatto a Roma il 23 gennaio 2007","2009-02-25",2009-03-12
30676,"Conversione in legge, con modificazioni, del decreto-legge 10 febbraio 2009, n. 5, recante misure urgenti a sostegno dei settori industriali in crisi","2009-04-06",2009-04-08
32866,"Disposizioni per l'assestamento del bilancio dello Stato e dei bilanci delle Amministrazioni autonome per l'anno finanziario 2010","2010-07-21",2010-09-15
34866,"Conversione in legge, con modificazioni, del decreto-legge 29 dicembre 2011, n. 215, recante proroga delle missioni internazionali delle Forze armate e di polizia, iniziative di cooperazione allo sviluppo e sostegno ai processi di ricostruzione e partecipazione alle iniziative delle organizzazioni internazionali per il consolidamento dei processi di pace e di stabilizzazione, nonché disposizioni urgenti per l'amministrazione della difesa","2012-02-02",2012-02-22
31360,"Proroga della partecipazione italiana a missioni internazionali","2009-07-24",2009-07-30
35609,"Rendiconto generale dell'Amministrazione dello Stato per l'esercizio finanziario 2011","2012-09-20",2012-10-09
30161,"Conversione in legge, con modificazioni,  del decreto-legge 3 novembre 2008, n. 171, recante misure urgenti per il rilancio competitivo del settore agroalimentare","2008-12-19",2008-12-22
28715,"Abrogazione dell'articolo 1 - septies del decreto-legge 5 dicembre 2005, n. 250, convertito, con modificazioni, dalla legge 3 febbraio 2006, n. 27, in materia di equipollenza di diploma di laurea in scienze motorie al diploma di laurea in fisioterapia, e disposizioni relative al conseguimento della laurea in fisioterapia da parte di studenti e laureati in scienze motorie","2010-05-20",2011-04-05
31648,"Concessione di contributi per il finanziamento della ricerca sulla storia e sulla cultura del medioevo italiano ed europeo","2011-02-03",2011-09-13
32896,"Norme in materia di misure per il contrasto ai fenomeni di criminalità informatica","2012-01-12",2012-02-07
32760,"Conversione in legge, con modificazioni, del decreto-legge 31 maggio 2010, n. 78, recante misure urgenti in materia di stabilizzazione finanziaria e di competitività economica","2010-07-16",2010-07-29
32350,"Disposizioni per la codificazione in materia di pubblica amministrazione","2011-06-30",2011-09-15
29068,"Conversione in legge, con modificazioni,  del decreto-legge 3 giugno 2008, n. 97, recante disposizioni urgenti in materia di monitoraggio e trasparenza dei meccanismi di allocazione della spesa pubblica, nonché in materia fiscale e di proroga di termini","2008-07-29",2008-07-30
27490,"Modifiche alla legge 24 gennaio 1979, n. 18, concernente l'elezione dei membri del Parlamento europeo spettanti all'Italia","2009-02-04",2009-02-18
32309,"Disposizioni concernenti la definizione della funzione pubblica internazionale e la tutela dei funzionari italiani dipendenti da organizzazioni internazionali","2010-10-21",2010-11-23
30566,"Conversione in legge, con modificazioni, del decreto-legge 27 gennaio 2009, n. 3, recante disposizioni urgenti per lo svolgimento nell'anno 2009 delle consultazioni elettorali e referendarie","2009-03-11",2009-03-18
29412,"Rendiconto generale dell'Amministrazione dello Stato per l'esercizio finanziario 2007","2008-09-18",2008-10-08
27451,"Disposizioni in materia di usura e di estorsione, nonché di composizione delle crisi da sovraindebitamento","2011-11-08",2012-01-17
32890,"Conversione in legge, con modificazioni,  del decreto-legge 8 luglio 2010, n. 105, recante misure urgenti in materia di energia. Proroga di termine per l'esercizio di delega legislativa in materia di riordino del sistema degli incentivi","2010-08-03",2010-08-04
32865,"Rendiconto generale dell'Amministrazione dello Stato per l'esercizio finanziario 2009","2010-07-21",2010-09-15
29413,"Disposizioni per l'assestamento del bilancio dello Stato e dei bilanci delle Amministrazioni autonome per l'anno finanziario 2008","2008-09-18",2008-10-08
27538,"Disposizioni in materia di sicurezza stradale","2010-07-19",2010-07-28
33545,"Ratifica ed esecuzione dello Scambio di lettere tra il Governo della Repubblica italiana e l'Organizzazione delle Nazioni Unite per l'alimentazione e l'agricoltura (FAO) per la concessione di un immobile in Roma come sede per la Commissione generale per la pesca nel Mediterraneo (CGPM), fatto a Roma il 19 gennaio e il 24 marzo 2006","2011-04-15",2011-05-25
30814,"Ratifica ed esecuzione dell'Accordo sulla Forza multinazionale di pace per l'Europa Sud-orientale, con cinque annessi, firmato a Skopje il 26 settembre 1998, del Protocollo aggiuntivo firmato ad Atene il 12 gennaio 1999, del secondo Protocollo aggiuntivo, con annessi, firmato a Bucarest il 30 novembre 1999, del terzo Protocollo aggiuntivo firmato ad Atene il 21 giugno 2000, del quarto Protocollo aggiuntivo, con allegati, firmato a Roma l'11 dicembre 2002","2009-05-27",2009-06-24
33541,"Ratifica ed esecuzione dell'Accordo tra la Repubblica italiana e la Repubblica di Albania, aggiuntivo alla Convenzione europea di estradizione del 13 dicembre 1957 ed alla Convenzione europea di assistenza giudiziaria in materia penale del 20 aprile 1959, ed inteso a facilitarne l'applicazione, fatto a Tirana il 3 dicembre 2007, con Scambio di Note effettuato a Tirana il 18 e 19 settembre 2008","2011-04-15",2011-05-25
32775,"Norme per la regolazione dei rapporti tra lo Stato e la Chiesa di Gesù Cristo dei Santi degli ultimi giorni, in attuazione dell'articolo 8, terzo comma, della Costituzione","2012-06-25",2012-07-18
31546,"Conversione in legge, con modificazioni, del decreto-legge 18 settembre 2009, n. 131, recante ulteriore rinvio delle consultazioni elettorali amministrative nella provincia di L'Aquila","2009-10-27",2009-11-17
33814,"Introduzione del principio del pareggio di bilancio nella Carta costituzionale","2012-03-07",2012-04-17
35014,"Adesione della Repubblica italiana alla Convenzione internazionale per il controllo dei sistemi antivegetativi nocivi applicati sulle navi, con allegati, fatta a Londra il 5 ottobre 2001, e sua esecuzione","2012-03-07",2012-08-07
31874,"Ratifica ed esecuzione dell'Accordo tra il Governo della Repubblica italiana e il Consiglio federale svizzero relativo alla non imponibilità dell'imposta sul valore aggiunto dei pedaggi riscossi al traforo del Gran San Bernardo, fatto a Roma il 31 ottobre 2006","2010-02-10",2010-04-14
33818,"Conversione in legge del decreto-legge 25 marzo 2011, n. 26, recante misure urgenti per garantire l'ordinato svolgimento delle assemblee societarie annuali","2011-05-04",2011-05-18
32667,"Disposizioni relative all'esecuzione presso il domicilio delle pene detentive non superiori ad un anno","2010-08-02",2010-11-17
28728,"Conversione in legge, con modificazioni, del decreto-legge 16 maggio 2008, n. 85, recante disposizioni urgenti per l'adeguamento delle strutture di Governo in applicazione dell'articolo 1, commi 376 e 377, della legge 24 dicembre 2007, n. 244","2008-07-03",2008-07-09
32073,"Conversione in legge, con modificazioni, del decreto-legge 29 dicembre 2009, n. 193, recante interventi urgenti in materia di funzionalita' del sistema giudiziario","2010-02-04",2010-02-17
31873,"Ratifica ed esecuzione dell'Accordo tra il Governo della Repubblica italiana e il Governo della regione amministrativa speciale di Hong Kong della Repubblica popolare cinese concernente la mutua assistenza in materia penale, fatto a Roma il 28 ottobre 1998","2010-02-10",2010-04-14
30601,"Modifiche all'articolo 4 del decreto legislativo 10 agosto 2007, n. 162, finalizzate a garantire la funzionalità dell'Agenzia nazionale per la sicurezza delle ferrovie","2010-05-27",2010-08-04
31525,"Ratifica ed esecuzione dell'Accordo tra il Governo della Repubblica italiana e le Nazioni Unite sullo status dello Staff College del Sistema delle Nazioni Unite in Italia, fatto a Torino il 16 settembre 2003, con Emendamento fatto a Torino il 28 settembre 2006","2009-10-07",2009-12-01
29069,"Conversione in legge, con modificazioni, del decreto-legge 30 maggio 2008, n. 95, recante disposizioni urgenti relative al termine per il riordino del ruolo e delle funzioni della magistratura onoraria","2008-07-02",2008-07-17
32723,"Conversione in legge, con modificazioni, del decreto-legge 20 maggio 2010, n. 72, recante misure urgenti per il differimento di termini in materia ambientale e di autotrasporto, nonché per l'assegnazione di quote di emissione di CO2","2010-07-01",2010-07-15
32777,"Norme per la regolazione dei rapporti tra lo Stato e la Chiesa apostolica in Italia, in attuazione dell'articolo 8, terzo comma, della Costituzione","2012-06-04",2012-07-18
31974,"Disposizioni in favore dei familiari delle vittime e in favore dei superstiti del disastro ferroviario di Viareggio","2010-06-04",2010-06-24
32278,"Modifiche al decreto legislativo 9 aprile 2008, n. 81, in materia di sicurezza sul lavoro per la bonifica degli ordigni bellici","2011-09-12",2012-09-12
30743,"Legge di contabilità e finanza pubblica","2009-11-13",2009-12-16
35610,"Disposizioni per l'assestamento del bilancio dello Stato e dei bilanci delle Amministrazioni autonome per l'anno finanziario 2012","2012-09-20",2012-10-09
32731,"Ratifica ed esecuzione della Convenzione tra il Governo della Repubblica italiana ed il Governo della Repubblica di Slovenia per la manutenzione del confine di Stato, fatta a Roma il 7 marzo 2007","2010-07-07",2010-10-27
28228,"Modifiche al decreto legislativo 30 marzo 2001, n. 165, in materia di diritti e prerogative sindacali di particolari categorie di personale del Ministero degli affari esteri","2009-10-30",2012-03-15
30050,"Conversione in legge, con modificazioni, del decreto-legge 20 ottobre 2008, n. 158, recante misure urgenti per contenere il disagio abitativo di particolari categorie sociali","2008-12-04",2008-12-16
32331,"Ratifica ed esecuzione dell'Accordo multilaterale tra la Comunità europea e i suoi Stati membri, la Repubblica di Albania, la Bosnia-Erzegovina, la Repubblica di Bulgaria, la Repubblica di Croazia, l'ex Repubblica iugoslava di Macedonia, la Repubblica d'Islanda, la Missione delle Nazioni Unite per l'amministrazione ad interim nel Kosovo, la Repubblica di Montenegro, il Regno di Norvegia, la Romania e la Repubblica di Serbia, relativo all'istituzione di uno Spazio aereo comune europeo, con Allegati, fatto a Lussemburgo il 9 giugno 2006","2010-04-14",2010-05-05
32080,"Ratifica ed esecuzione della Dichiarazione di intenti tra i Ministri della difesa di Francia, Italia, Olanda, Portogallo e Spagna relativa alla creazione di una Forza di gendarmeria europea, con Allegati, firmata a Noordwijk il 17 settembre 2004, e del Trattato tra il Regno di Spagna, la Repubblica francese, la Repubblica italiana, il Regno dei Paesi Bassi e la Repubblica portoghese per l'istituzione della Forza di gendarmeria europea, EUROGENDFOR, firmato a Velsen il 18 ottobre 2007","2010-03-10",2010-04-28
31014,"Ratifica ed esecuzione dell'Accordo di cooperazione tra il Governo della Repubblica italiana e il Governo del Regno dell'Arabia Saudita nel campo della difesa, firmato a Roma il 6 novembre 2007","2009-05-27",2009-06-24
29768,"Ratifica ed esecuzione dell'Accordo tra il Governo della Repubblica italiana ed il Governo della Repubblica dominicana sulla promozione e protezione degli investimenti, fatto a Santo Domingo il 12 giugno 2006","2008-09-25",2008-10-09
28945,"Conversione in legge, con modificazioni, del decreto-legge 23 maggio 2008, n. 92, recante misure urgenti in materia di sicurezza pubblica","2008-07-16",2008-07-23
32084,"Conversione in legge, con modificazioni, del decreto-legge 30 dicembre 2009, n. 195, recante disposizioni urgenti per la cessazione dello stato di emergenza in materia di rifiuti nella regione Campania, per l'avvio della fase post emergenziale nel territorio della regione Abruzzo ed altre disposizioni urgenti relative alla Presidenza del Consiglio dei Ministri ed alla protezione civile","2010-02-19",2010-02-25
32294,"Ratifica ed esecuzione del Trattato per l'assistenza giudiziaria in materia penale tra la Repubblica italiana e la Repubblica del Cile, fatto a Roma il 27 febbraio 2002","2010-04-14",2010-05-05
35608,"Conversione in legge, con modificazioni, del decreto-legge 28 giugno 2012, n. 89, recante proroga di termini in materia sanitaria","2012-07-19",2012-08-02
32554,"Modifiche dei circondari dei tribunali di Pesaro e di Rimini","2011-01-18",2012-03-06
33955,"Proroga dei termini per l'esercizio della delega di cui alla legge 5 maggio 2009, n. 42, in materia di federalismo fiscale","2011-05-18",2011-06-01
30529,"Incentivi fiscali per il rientro dei lavoratori in Italia","2010-05-26",2010-12-23
34091,"Modifiche all'articolo 1 della legge 7 luglio 2010, n. 106, in favore dei familiari delle vittime e in favore dei superstiti del disastro ferroviario di Viareggio","2012-05-23",2012-06-12
33165,"Bilancio di previsione dello Stato per l'anno finanziario 2011 e per il triennio 2011-2013","2010-11-19",2010-12-07
31383,"Istituzione del Ministero della salute e incremento del numero complessivo dei Sottosegretari di Stato","2009-10-01",2009-11-11
33244,"Ratifica ed esecuzione dell'Accordo tra il Governo della Repubblica italiana e il Governo della Repubblica di Slovenia sulla cooperazione transfrontaliera di polizia, fatto a Lubiana il 27 agosto 2007","2011-01-12",2011-03-16
35782,"Ratifica ed esecuzione dell'Accordo tra il Governo della Repubblica italiana e il Bureau International des Expositions sulle misure necessarie per facilitare la partecipazione all'Esposizione Universale di Milano del 2015, fatto a Roma l'11 luglio 2012","2012-10-22",2012-12-21
35766,"Adesione della Repubblica italiana alla Convenzione delle Nazioni Unite sulle immunità giurisdizionali degli Stati e dei loro beni, fatta a New York il 2 dicembre 2004, nonché norme di adeguamento dell'ordinamento interno","2012-10-22",2012-12-21
32213,"Conversione in legge, con modificazioni, del decreto-legge 4 febbraio 2010, n. 4, recante istituzione dell'Agenzia nazionale per l'amministrazione e la destinazione dei beni sequestrati e confiscati alla criminalita' organizzata","2010-03-15",2010-03-30
33568,"Ratifica ed esecuzione dell'Accordo di cooperazione culturale e scientifica tra il Governo della Repubblica italiana ed il Governo della Repubblica di Panama, firmato a Roma il 2 maggio 2007","2011-04-15",2011-05-25
30515,"Modifiche allo statuto del Fondo monetario internazionale adottate con le risoluzioni del Consiglio dei Governatori n. 63 - 2 del 28 aprile e n. 63 - 3 del 5 maggio 2008, nonché aumento della quota di partecipazione dell'Italia","2009-07-06",2009-09-23
33108,"Ratifica ed esecuzione dell'Accordo tra il Governo della Repubblica italiana e il Governo della Repubblica di Croazia in materia di cooperazione culturale e d'istruzione, fatto a Zagabria il 16 ottobre 2008","2012-05-30",2012-08-07
35049,"Ratifica ed esecuzione della Convenzione sul diritto relativo alle utilizzazioni dei corsi d'acqua internazionali per scopi diversi dalla navigazione, con annesso, fatta a New York il 21 maggio 1997","2012-05-31",2012-08-07
31703,"Ratifica ed esecuzione dell'Accordo di Sede tra il Governo della Repubblica italiana e il Network internazionale di Centri per l'Astrofisica Relativistica in Pescara - ICRANET, fatto a Roma il 14 gennaio 2008","2010-01-13",2010-04-14
31656,"Modifica della denominazione del Parco nazionale del Cilento e Vallo di Diano","2011-05-30",2011-06-29
31338,"Modifica all'articolo 1 della legge 3 dicembre 1962, n. 1712, concernente la composizione dei comitati consultivi provinciali presso l'Istituto nazionale per l'assicurazione contro gli infortuni sul lavoro","2010-04-15",2011-03-16
30243,"Ratifica ed esecuzione del Protocollo di adesione al Trattato del Nord Atlantico della Repubblica di Croazia, e del Protocollo di adesione al Trattato del Nord Atlantico della Repubblica di Albania, firmati a Bruxelles il 9 luglio 2008","2008-12-19",2008-12-22
35015,"Ratifica ed esecuzione del Protocollo di modifica della Convenzione tra il Governo di Mauritius e il Governo della Repubblica italiana per evitare le doppie imposizioni in materia di imposte sul reddito e per prevenire le evasioni fiscali, fatto a Port Louis il 9 dicembre 2010","2012-03-07",2012-08-07
35752,"Ratifica ed esecuzione del secondo protocollo aggiuntivo che modifica la convenzione tra l'Italia e il Belgio in vista di evitare la doppia imposizione e di prevenire la frode e l'evasione fiscale in materia di imposte sui redditi ed il protocollo finale, firmati a Roma il 29 aprile 1983, fatto a Bruxelles l'11 ottobre 2004","2012-10-22",2012-12-21
27415,"Istituzione di una Commissione parlamentare di inchiesta sul fenomeno della mafia e sulle altre associazioni criminali, anche straniere","2008-07-25",2008-07-30
32493,"Ratifica ed esecuzione dell'Accordo tra il Governo della Repubblica italiana e il Governo della Repubblica del Malawi sulla promozione e protezione degli investimenti, fatto a Blantyre il 28 agosto 2003","2010-05-12",2010-10-27
31477,"Disposizioni in materia di concorsi notarili","2010-12-01",2010-12-15
29366,"Delega al Governo finalizzata all'ottimizzazione della produttività del lavoro pubblico e alla efficienza e trasparenza delle pubbliche amministrazioni nonché disposizioni integrative delle funzioni attribuite al Consiglio nazionale dell'economia e del lavoro e alla Corte dei conti","2009-02-13",2009-02-25
34067,"Ratifica ed esecuzione dell'Accordo che modifica per la seconda volta l'Accordo di partenariato tra i membri del gruppo degli Stati dell'Africa, dei Caraibi e del Pacifico, da un lato, e la Comunità europea e i suoi Stati membri, dall'altro, firmato a Cotonou il 23 giugno 2000, riveduto per la prima volta a Lussemburgo il 25 giugno 2005, con Atto finale e dichiarazioni allegate, aperto alla firma a Ouagadougou il 22 giugno 2010","2011-07-29",2011-09-29
30409,"Ratifica ed esecuzione dell'Accordo di cooperazione relativo ad un sistema globale di navigazione satellitare civile (GNSS) tra la Comunità europea e i suoi Stati membri e l'Ucraina, fatto a Kiev il 1° dicembre 2005","2009-02-25",2009-04-01
35114,"Ratifica ed esecuzione del Protocollo aggiuntivo alla Convenzione tra il Governo della Repubblica italiana e il Governo della Repubblica di Singapore per evitare le doppie imposizioni e per prevenire le evasioni fiscali in materia di imposte sul reddito, e relativo Protocollo, del 29 gennaio 1977, fatto a Singapore il 24 maggio 2011","2012-05-31",2012-08-07
34739,"Ratifica ed esecuzione dell'Accordo di riconoscimento degli studi, titoli e diplomi di istruzione media, diversificata e professionale per il proseguimento degli studi di istruzione superiore, tra i Governi della Repubblica italiana e della Repubblica Bolivariana del Venezuela, sottoscritto a Caracas il 27 luglio 2007","2012-01-20",2012-05-17
32265,"Ratifica ed esecuzione del Protocollo ai sensi dell'articolo 34 del Trattato sull'Unione europea recante modifica, per quanto attiene all'istituzione di un archivio di identificazione dei fascicoli a fini doganali, della Convenzione sull'uso dell'informatica nel settore doganale, fatto a Bruxelles l'8 maggio 2003","2010-04-14",2010-05-05
31272,"Adesione della Repubblica italiana alla Convenzione sulla responsabilità civile per i danni dovuti a inquinamento da combustibile delle navi, con allegato, fatta a Londra il 23 marzo 2001, nonché norme di adeguamento dell'ordinamento interno","2009-10-07",2010-01-21
29920,"Ratifica ed esecuzione del II Protocollo relativo alla Convenzione dell'Aja del 1954 per la protezione dei beni culturali in caso di conflitto armato, fatto a L'Aja il 26 marzo 1999, nonchè norme di adeguamento dell'ordinamento interno","2009-02-25",2009-04-01
35155,"Partecipazione italiana al sesto aumento di capitale della Banca di sviluppo del Consiglio d'Europa","2012-05-31",2012-06-28
32436,"Esclusione dei familiari superstiti condannati per omicidio del pensionato o dell'iscritto a un ente di previdenza dal diritto alla pensione di reversibilità o indiretta","2010-10-28",2011-07-20
33712,"Ratifica ed esecuzione del Protocollo emendativo della Convenzione del 1988 tra gli Stati membri del Consiglio d'Europa ed i Paesi membri dell'Organizzazione per la cooperazione e lo sviluppo economico - OCSE - sulla reciproca assistenza amministrativa in materia fiscale, fatto a Parigi il 27 maggio 2010","2011-07-29",2011-09-29
31544,"Ratifica ed esecuzione dell'Accordo tra il Governo della Repubblica italiana ed il Governo della Repubblica di Moldova per l'assistenza giudiziaria e per il riconoscimento e l'esecuzione delle sentenze in materia civile, fatto a Roma il 7 dicembre 2006","2009-10-15",2009-10-21
33803,"Ratifica ed esecuzione dell'Accordo quadro di partenariato globale e cooperazione tra la Comunità europea e i suoi Stati membri, da una parte, e la Repubblica di Indonesia dall'altra, con Atto finale, fatto a Giacarta il 9 novembre 2009","2011-07-29",2011-09-29
32382,"Norme per la salvaguardia del sistema scolastico in Sicilia e per la rinnovazione del concorso per dirigenti scolastici indetto con decreto direttoriale 22 novembre 2004, pubblicato nella Gazzetta Ufficiale, 4a serie speciale, n. 94 del 26 novembre 2004","2010-10-20",2010-11-23
34402,"Modifica all'articolo 1 della legge 5 febbraio 1992, n. 122, concernente la disciplina dell'attività di autoriparazione","2012-06-13",2012-11-14
32542,"Disposizioni in favore dei familiari delle vittime e in favore dei superstiti del disastro ferrroviario della Val Venosta/Vinschgau","2011-04-20",2011-06-29
31942,"Disposizioni in materia di attribuzione delle funzioni ai magistrati ordinari al termine del tirocinio","2011-09-29",2011-10-26
31526,"Ratifica ed esecuzione del Protocollo V della Convenzione sulla proibizione o limitazione dell'uso di alcune armi convenzionali che possono essere considerate dannose o aventi effetti indiscriminati (Convention on Certain Conventional Weapons - CCW), fatta a Ginevra il 10 ottobre 1980, relativo ai residuati bellici esplosivi, fatto a Ginevra il 28 novembre 2003, nonché modifiche alla legge 7 marzo 2001, n. 58, recante istituzione del Fondo per lo sminamento umanitario","2009-09-23",2009-10-21
32079,"Ratifica ed esecuzione del Memorandum d'Intesa tra il Governo della Repubblica italiana e il Governo della Repubblica indonesiana concernente l'apertura dell'Ufficio ""Indonesian Trade Promotion Center"" (ITPC), fatto a Jakarta il 10 marzo 2008","2010-03-10",2010-04-21
30552,"Ratifica ed esecuzione del Protocollo che modifica la Convenzione relativa all'Organizzazione idrografica internazionale, fatto a Monaco Principato il 4 luglio 2005","2009-04-22",2009-05-14
30553,"Ratifica ed esecuzione della Convenzione relativa all'adesione della Repubblica ceca, della Repubblica di Estonia, della Repubblica di Cipro, della Repubblica di Lettonia, della Repubblica di Lituania, della Repubblica di Ungheria, della Repubblica di Malta, della Repubblica di Polonia, della Repubblica di Slovenia e della Repubblica slovacca alla Convenzione firmata a Bruxelles il 23 luglio 1990, relativa all'eliminazione delle doppie imposizioni in caso di rettifica degli utili di imprese associate, fatta a Bruxelles l'8 dicembre 2004, e norme di adeguamento dell'ordinamento interno","2009-04-22",2009-05-14
31271,"Ratifica ed esecuzione dell'Accordo di stabilizzazione e di associazione tra le Comunità europee e i loro Stati membri, da una parte, e la Repubblica di Montenegro, dall'altra, con Allegati, Protocolli e Atto finale con dichiarazioni allegate, fatto a Lussemburgo il 15 ottobre 2007","2009-07-29",2009-09-23
35406,"Ratifica ed esecuzione dell'Accordo sul partenariato e la cooperazione di lungo periodo tra la Repubblica italiana e la Repubblica islamica dell'Afghanistan, fatto a Roma il 26 gennaio 2012","2012-09-06",2012-10-30
30706,"Ratifica ed esecuzione dello Scambio di Note tra la Repubblica italiana e la Confederazione svizzera relativo ai confini ""mobili"" sulla linea di cresta o displuviale, effettuato a Roma il 23 e il 26 maggio 2008","2009-04-22",2009-05-14
35273,"Ratifica ed esecuzione della Convenzione tra il Governo della Repubblica italiana e il Governo della Mongolia per evitare le doppie imposizioni in materia di imposte sul reddito e sul patrimonio e per prevenire le evasioni fiscali, con Protocollo aggiuntivo, fatta a Ulan Bator l'11 settembre 2003","2012-09-06",2012-11-15
35978,"Nuova disciplina dell'ordinamento della professione forense","2012-11-05",2012-12-21
34931,"Conversione in legge, con modificazioni, del decreto-legge 25 gennaio  2012, n. 2, recante misure straordinarie e urgenti in materia ambientale","2012-03-15",2012-03-21
34633,"Ratifica ed esecuzione dell'Accordo di sede tra la Repubblica italiana e la Fondazione europea per la formazione professionale, con allegato, fatto a Torino il 22 gennaio 2010","2011-12-21",2012-05-17
32540,"Modifiche all'articolo 1 del decreto-legge 14 marzo 2005, n. 35, convertito, con modificazioni, dalla legge 14 maggio 2005, n. 80, e agli articoli 11 e 13 della legge 26 febbraio 1987, n. 49, concernenti la gestione dei fondi dell'Amministrazione degli affari esteri per la cooperazione allo sviluppo","2010-07-12",2010-08-02
32008,"Ratifica ed esecuzione dell'Accordo tra il Governo della Repubblica italiana e il Consiglio federale svizzero per la realizzazione del nuovo collegamento ferroviario Mendrisio-Varese, fatto a Roma il 20 ottobre 2008","2010-02-17",2010-04-14
35211,"Ratifica ed esecuzione dell'Accordo quadro tra l'Unione europea e i suoi Stati membri, da una parte, e la Repubblica di Corea, dall'altra, fatto a Bruxelles il 10 maggio 2010","2012-09-06",2012-11-15
35378,"Ratifica ed esecuzione del Memorandum d'intesa sulla cooperazione nel settore della difesa tra il Governo della Repubblica italiana ed il Governo della Repubblica islamica del Pakistan, fatto a Roma il 30 settembre 2009","2012-09-06",2012-11-15
27456,"Conversione in legge del decreto-legge 1° aprile 2008, n. 49, recante misure urgenti volte ad assicurare la segretezza della espressione del voto nelle consultazioni elettorali e referendarie","2008-05-22",2008-05-27
34472,"Ratifica ed esecuzione dello Statuto dell'Agenzia internazionale per le energie rinnovabili (IRENA), fatto a Bonn il 26 gennaio 2009","2011-11-04",2012-03-21
30968,"Ratifica ed esecuzione dell'Accordo tra il Governo della Repubblica italiana e il Governo degli Emirati Arabi Uniti relativo alla cooperazione nel settore della difesa, fatto a Dubai il 13 dicembre 2003","2009-10-29",2009-11-26
33242,"Ratifica ed esecuzione del Protocollo che modifica il Protocollo sulle disposizioni transitorie allegato al Trattato sull'Unione europea, al Trattato sul funzionamento dell'Unione europea e al Trattato che istituisce la Comunità europea dell'energia atomica, fatto a Bruxelles il 23 giugno 2010. Procedura per l'assegnazione del seggio supplementare spettante all'Italia nel Parlamento europeo","2010-11-23",2010-12-23
30203,"Conversione in legge, con modificazioni,  del decreto-legge 10 novembre 2008, n. 180, recante disposizioni urgenti per il diritto allo studio, la valorizzazione del merito e la qualità del sistema universitario e della ricerca","2008-12-01",2009-01-08
30472,"Conversione in legge, con modificazioni, del decreto-legge 30 dicembre 2008, n. 207, recante proroga di termini previsti da disposizioni legislative e disposizioni finanziarie urgenti","2009-02-12",2009-02-24
32522,"Salvaguardia degli effetti prodotti dal decreto-legge 5 marzo 2010, n. 29, recante interpretazione autentica di disposizioni del procedimento elettorale e relativa disciplina di attuazione, non convertito in legge","2010-04-15",2010-04-20
31020,"Disciplina transitoria per lo svolgimento dei referendum previsti dall'articolo 75 della Costituzione da tenersi nell'anno 2009","2009-04-23",2009-04-28
27450,"Disposizioni per la ricerca delle persone scomparse","2012-10-08",2012-10-31
32778,"Norme per la regolazione dei rapporti tra lo Stato e la Sacra arcidiocesi ortodossa d'Italia ed Esarcato per l'Europa Meridionale, in attuazione dell'articolo 8, terzo comma, della Costituzione","2012-06-04",2012-07-18
34373,"Ratifica ed esecuzione dell'Accordo sullo spazio aereo comune tra l'Unione europea e i suoi Stati membri, da un lato, e la Georgia, dall'altro lato, con Allegati, fatto a Bruxelles il 2 dicembre 2010","2011-10-21",2012-01-10
31122,"Adesione della Repubblica italiana al Protocollo di modifica della Convenzione del 1976 sulla limitazione della responsabilità in materia di crediti marittimi, adottato a Londra il 2 maggio 1996, nonché delega al Governo per la sua attuazione","2009-11-13",2009-12-01
28729,"Adesione della Repubblica italiana al Trattato concluso il 27 maggio 2005 tra il Regno del Belgio, la Repubblica federale di Germania, il Regno di Spagna, la Repubblica francese, il Granducato di Lussemburgo, il Regno dei Paesi Bassi e la Repubblica d'Austria, relativo all'approfondimento della cooperazione transfrontaliera, in particolare allo scopo di contrastare il terrorismo, la criminalità transfrontaliera e la migrazione illegale (Trattato di Prum). Istituzione della banca dati nazionale del DNA e del laboratorio centrale per la banca dati nazionale del DNA. Delega al Governo per l'istituzione dei ruoli tecnici del Corpo di polizia penitenziaria. Modifiche al codice di procedura penale in materia di accertamenti tecnici idonei ad incidere sulla libertà personale","2009-05-08",2009-06-24
29818,"Ratifica ed esecuzione dell'Emendamento alla Convenzione di Basilea del 22 marzo 1989 sul controllo dei movimenti transfrontalieri pericolosi, approvato dalla Terza Conferenza delle Parti con decisione III/1 del 22 settembre 1995","2008-09-25",2008-10-09
29769,"Ratifica ed esecuzione dell'Accordo tra il Governo della Repubblica italiana e il Governo di Nuova Zelanda riguardante lo svolgimento di attività lavorativa da parte dei familiari conviventi del personale diplomatico, consolare e tecnico amministrativo, fatto a Roma il 4 dicembre 2003, con Scambio di Note integrativo, fatto a Roma il 2 e 7 novembre 2006","2008-09-25",2008-10-09
34222,"Ratifica ed esecuzione dell'Accordo euromediterraneo nel settore del trasporto aereo tra l'Unione europea e i suoi Stati membri, da un lato, e il Regno hascemita di Giordania, dall'altro, con Allegati, fatto a Bruxelles il 15 dicembre 2010","2011-10-21",2012-01-10
34372,"Ratifica ed esecuzione dell'Accordo sui trasporti aerei tra il Canada e la Comunità europea e i suoi Stati membri, con Allegati, fatto a Bruxelles il 17 dicembre 2009","2011-10-21",2012-01-10
30411,"Ratifica ed esecuzione della Convenzione delle Nazioni Unite sui diritti delle persone con disabilità, con Protocollo opzionale, fatta a New York il 13 dicembre 2006 e istituzione dell'Osservatorio nazionale sulla condizione delle persone con disabilità","2009-01-28",2009-02-24
33144,"Modifica dell'articolo 645 e interpretazione autentica dell'articolo 165 del codice di procedura civile in materia di opposizione al decreto ingiuntivo","2011-04-21",2011-12-06
31728,"Ratifica ed esecuzione della Convenzione europea per la protezione degli animali da compagnia, fatta a Strasburgo il 13 novembre 1987, nonché norme di adeguamento dell'ordinamento interno","2010-09-22",2010-10-27
29308,"Ratifica ed esecuzione della Convenzione dell'Organizzazione delle Nazioni Unite contro la corruzione, adottata dall'Assemblea Generale dell'ONU il 31 ottobre 2003 con risoluzione n. 58/4, firmata dallo Stato italiano il 9 dicembre 2003, nonché norme di adeguamento interno e modifiche al codice penale e al codice di procedura penale","2009-06-25",2009-07-29
32245,"Conversione in legge, con modificazioni,  del decreto-legge 12 febbraio 2010, n. 10, recante disposizioni urgenti in ordine alla competenza per procedimenti penali a carico di autori di reati di grave allarme sociale","2010-03-17",2010-03-30
29919,"Conversione in legge, con modificazioni,  del decreto-legge 2 ottobre 2008, n. 151, recante misure urgenti in materia di prevenzione e accertamento di reati, di contrasto alla criminalità organizzata e all'immigrazione clandestina","2008-10-31",2008-11-27
33632,"Conversione in legge, con modificazioni, del decreto-legge 22 febbraio 2011, n. 5, recante disposizioni per la festa nazionale del 17 marzo 2011","2011-03-25",2011-04-14
29789,"Conversione in legge, con modificazioni, del decreto-legge 16 settembre 2008, n. 143, recante interventi urgenti in materia di funzionalità del sistema giudiziario","2008-10-10",2008-11-05
34066,"Ratifica ed esecuzione dell'Accordo tra il Governo della Repubblica italiana e il Governo del Regno Hascemita di Giordania sulla cooperazione e sulla mutua assistenza in materia doganale, fatto a Roma il 5 novembre 2007","2011-07-29",2011-09-29
33804,"Ratifica ed esecuzione dell'Accordo tra la Comunità europea e i suoi Stati membri da un lato e la Repubblica sudafricana dall'altro, che modifica l'Accordo sugli scambi, lo sviluppo e la cooperazione, firmato a Kleinmond, Sud Africa, l'11 settembre 2009","2011-07-29",2011-09-29
34532,"Norme in materia di circolazione stradale nelle aree aeroportuali","2012-01-27",2012-03-07
34926,"Conversione in legge, con modificazioni, del decreto-legge 24 gennaio 2012, n. 1, recante disposizioni urgenti per la concorrenza, lo sviluppo delle infrastrutture e la competitività","2012-03-02",2012-03-22
27779,"Istituzione di una Commissione parlamentare di inchiesta sulle attività illecite connesse al ciclo dei rifiuti","2008-12-11",2009-01-29
33901,"Conversione in legge del decreto-legge 11 aprile 2011, n. 37, recante disposizioni urgenti per le commissioni elettorali circondariali e per il voto dei cittadini temporaneamente all'estero in occasione delle consultazioni referendarie che si svolgono nei giorni 12 e 13 giugno 2011","2011-05-18",2011-05-31
31588,"Bilancio di previsione dello Stato per l'anno finanziario 2010 e bilancio pluriennale per il triennio 2010 - 2012","2009-12-18",2009-12-22
28514,"Norme in materia di nomina del Comandante generale del Corpo della guardia di finanza e di attività di concorso del medesimo Corpo alle operazioni militari in caso di guerra e alle missioni militari all'estero","2010-05-12",2010-05-26
30057,"Modifica della denominazione e delle competenze della Commissione parlamentare per l'infanzia di cui all'articolo 1 della legge 23 dicembre 1997, n. 451","2009-07-06",2009-07-29
27557,"Distacco dei comuni di Casteldelci, Maiolo, Novafeltria, Pennabilli, San Leo, Sant'Agata Feltria e Talamello dalla regione Marche e loro aggregazione alla regione Emilia - Romagna, nell'ambito della provincia di Rimini, ai sensi dell'articolo 132, secondo comma, della Costituzione","2009-05-07",2009-07-29
31570,"Conversione in legge, con modificazioni, del decreto-legge 25 settembre 2009, n. 135, recante disposizioni urgenti per l'attuazione di obblighi comunitari e per l'esecuzione di sentenze della Corte di giustizia delle Comunità europee","2009-11-07",2009-11-19
35634,"Conversione in legge, con modificazioni, del decreto-legge 6 luglio 2012, n. 95, recante disposizioni urgenti per la revisione della spesa pubblica con invarianza dei servizi ai cittadini","2012-07-31",2012-08-07
33103,"Disposizioni in materia di etichettatura e di qualità dei prodotti alimentari","2010-12-07",2011-01-18
33196,"Ratifica ed esecuzione dell'Accordo tra il Governo della Repubblica italiana ed il Governo della Repubblica federativa del Brasile in materia di cooperazione nel settore della difesa, fatto a Roma l'11 novembre 2008","2010-11-18",2011-02-15
32631,"Ratifica ed esecuzione della Convenzione tra il Governo della Repubblica italiana e il Governo della Repubblica di Azerbaigian per evitare le doppie imposizioni in materia di imposte sul reddito e sul patrimonio e per prevenire le evasioni fiscali, con Protocollo aggiuntivo, fatti a Baku il 21 luglio 2004","2010-11-03",2011-01-11
32011,"Ratifica ed esecuzione dell'Accordo di stabilizzazione e di associazione tra le Comunità europee e i loro Stati membri, da una parte, e la Bosnia-Erzegovina, dall'altra, con Allegati, Protocolli e Atto finale con dichiarazioni allegate, fatto a Lussemburgo il 16 giugno 2008","2010-04-29",2010-05-19
29383,"Ratifica ed esecuzione dell'Accordo tra il Governo della Repubblica italiana e il Governo della Repubblica francese relativo all'attuazione di una gestione unificata del tunnel di Tenda e alla costruzione di un nuovo tunnel, fatto a Parigi il 12 marzo 2007","2008-07-30",2008-07-31
30458,"Ratifica ed esecuzione dell'Accordo tra il Governo della Repubblica italiana e il Governo della Federazione russa sulla cooperazione nella lotta alla criminalità, fatto a Roma il 5 novembre 2003","2009-02-19",2009-05-14
30070,"Ratifica ed esecuzione dell'Accordo di partenariato e di cooperazione tra le Comunità europee ed i loro Stati membri, da una parte, e la Repubblica di Tagikistan dall'altra, con allegati e Protocollo, fatto a Lussemburgo l'11 ottobre 2004","2008-11-19",2008-12-19
32085,"Conversione in legge, con modificazioni,  del decreto-legge 1° gennaio 2010, n. 1, recante disposizioni urgenti per la proroga degli interventi di cooperazione allo sviluppo e a sostegno dei processi di pace e di stabilizzazione, nonche' delle missioni internazionali delle Forze armate e di polizia e disposizioni urgenti per l'attivazione del Servizio europeo per l'azione esterna e per l'Amministrazione della Difesa","2010-02-25",2010-03-03
30040,"Ratifica ed esecuzione dell'Accordo tra il Governo della Repubblica italiana e il Governo degli Stati Uniti d'America in merito alla conduzione di ""ispezioni su sfida"" da parte dell'Organizzazione per la proibizione delle armi chimiche, ai sensi della Convenzione sulla proibizione dello sviluppo, produzione, immagazzinaggio ed uso di armi chimiche e sulla loro distruzione, fatto a Roma il 27 ottobre 2004","2008-11-19",2008-12-19
33819,"Ratifica ed esecuzione dell'Accordo di mutua assistenza amministrativa per la prevenzione, l'accertamento e la repressione delle infrazioni doganali tra il Governo della Repubblica italiana ed il Governo della Repubblica argentina, con Allegato, fatto a Roma il 21 marzo 2007","2011-05-26",2011-07-27
29163,"Ratifica ed esecuzione del Trattato di Lisbona che modifica il Trattato sull'Unione europea e il Trattato che istituisce la Comunità europea e alcuni atti connessi, con atto finale, protocolli e dichiarazioni, fatto a Lisbona il 13 dicembre 2007","2008-07-23",2008-07-31
33765,"Ratifica ed esecuzione dell'Accordo di partenariato economico tra gli Stati del Cariforum, da una parte, e la Comunità europea e i suoi Stati membri, dall'altra, con Allegati, Protocolli, Dichiarazioni e Atto finale, fatto a Bridgetown, Barbados, il 15 ottobre 2008","2011-06-29",2011-07-27
31768,"Conversione in legge, con modificazioni, del decreto-legge 4 novembre 2009, n. 152, recante disposizioni urgenti per la proroga degli interventi di cooperazione allo sviluppo e a sostegno dei processi di pace e di stabilizzazione, nonché delle missioni internazionali delle Forze armate e di polizia","2009-12-03",2009-12-17
31547,"Ratifica ed esecuzione dell'Accordo tra il Governo della Repubblica italiana ed il Governo della Repubblica di Panama sulla promozione e protezione degli investimenti, fatto a Venezia il 6 febbraio 2009","2009-12-02",2010-01-19
30069,"Ratifica ed esecuzione della Convenzione sull'Istituto forestale europeo, fatta a Joensuu il 28 agosto 2003","2008-11-19",2008-12-19
33764,"Ratifica ed esecuzione dell'Accordo nel campo della cooperazione militare tra il Governo della Repubblica italiana ed il Governo del Regno del Marocco, fatto a Taormina il 10 febbraio 2006","2011-06-16",2011-07-27
29921,"Ratifica ed esecuzione della Convenzione basata sull'articolo K3 del Trattato sull'Unione Europea, relativa alla mutua assistenza ed alla cooperazione tra le Amministrazioni doganali, con allegati, fatta a Bruxelles il 18 dicembre 1997, nonché norme di adeguamento dell'ordinamento interno","2008-11-19",2008-12-19
31558,"Ratifica ed esecuzione dell'Accordo sulla partecipazione della Repubblica di Bulgaria e della Romania allo Spazio economico europeo con allegati, dichiarazioni e atto finale, fatto a Bruxelles il 25 luglio 2007","2009-12-02",2010-01-19
34880,"Ratifica ed esecuzione del Protocollo di attuazione della Convenzione per la protezione delle Alpi del 1991 nell'ambito dei trasporti, fatto a Lucerna il 31 ottobre 2000","2012-09-19",2012-10-17
31748,"Norme generali sulla partecipazione dell'Italia alla formazione e all'attuazione della normativa e delle politiche dell'Unione europea","2012-10-25",2012-11-27
33861,"Conversione in legge, con modificazioni, del decreto-legge 31 marzo 2011, n. 34, recante disposizioni urgenti in favore della cultura, in materia di incroci tra settori della stampa e della televisione, di razionalizzazione dello spettro radioelettrico, di moratoria nucleare, di partecipazioni della Cassa depositi e prestiti, nonché per gli enti del Servizio sanitario nazionale della regione Abruzzo","2011-04-22",2011-05-25
32879,"Conversione in legge, con modificazioni, del decreto-legge 6 luglio 2010, n. 103, recante disposizioni urgenti per assicurare la regolarità del servizio pubblico di trasporto marittimo","2010-07-21",2010-08-04
29720,"Deleghe al Governo in materia di lavori usuranti,  di riorganizzazione di enti, di congedi, aspettative e permessi, di ammortizzatori sociali, di servizi per l'impiego, di incentivi all'occupazione, di apprendistato, di occupazione femminile, nonché misure contro il lavoro sommerso e disposizioni in tema di lavoro pubblico e di controversie di lavoro","2010-09-30",2010-10-19
31038,"Conversione in legge, con modificazioni, del decreto-legge 28 aprile 2009, n. 39, recante interventi urgenti in favore delle popolazioni colpite dagli eventi sismici nella regione Abruzzo nel mese di aprile 2009 e ulteriori interventi urgenti di protezione civile","2009-05-25",2009-06-23
29912,"Disposizioni per la formazione del bilancio annuale e pluriennale dello Stato (legge finanziaria 2009)","2008-12-13",2008-12-19
31282,"Rendiconto generale dell'Amministrazione dello Stato per l'esercizio finanziario 2008","2009-07-23",2009-07-30
29951,"Conversione in legge, con modificazioni, del decreto-legge 7 ottobre 2008, n. 154, recante disposizioni urgenti per il contenimento della spesa sanitaria e in materia di regolazioni contabili con le autonomie locali","2008-11-12",2008-12-03
28267,"Misure per il riconoscimento dei diritti delle persone sordocieche","2009-09-23",2010-05-27
29922,"Disposizioni concernenti l'assegno sostitutivo dell'accompagnatore militare per il 2009","2009-10-09",2009-11-11
33018,"Conversione in legge, con modificazioni, del decreto-legge 5 agosto 2010, n. 125, recante misure urgenti per il settore dei trasporti e disposizioni in materia finanziaria. Proroga del termine di esercizio della delega legislativa in materia di armonizzazione dei sistemi contabili e degli schemi di bilancio di amministrazioni pubbliche","2010-09-23",2010-09-30
34497,"Modifica degli articoli 15 e 16 dello Statuto speciale per la Sardegna, di cui alla legge costituzionale 26 febbraio 1948, n. 3, in materia di composizione ed elezione del Consiglio regionale","2012-10-19",2013-01-22
33182,"Modifiche all'articolo 173 del decreto legislativo 30 aprile 1992, n. 285, in materia di uso di apparecchi radiotelefonici durante la guida","2010-11-24",2012-01-25
32626,"Disposizioni per la prevenzione e la repressione della corruzione e dell'illegalità nella pubblica amministrazione","2012-10-18",2012-10-31
34469,"Ratifica ed esecuzione del Protocollo di modifica dell'Accordo sui trasporti aerei tra gli Stati Uniti d'America, l'Unione Europea e i suoi Stati membri, firmato il 25 e 30 aprile 2007, con Allegati, fatto a Lussemburgo il 24 giugno 2010","2012-01-11",2012-02-16
34867,"Conversione in legge, con modificazioni, del decreto-legge 29 dicembre 2011, n. 216, recante proroga di termini previsti da disposizioni legislative. Differimento di termini relativi all'esercizio di deleghe legislative","2012-02-16",2012-02-23
31074,"Ratifica ed esecuzione dei seguenti Accordi: a) Accordo tra gli Stati membri dell'Unione europea relativo allo statuto dei militari e del personale civile distaccati presso le Istituzioni dell'Unione europea, dei Quartieri generali, e delle Forze che potrebbero essere messi a disposizione dell'Unione europea nell'ambito della preparazione e dell'esecuzione dei compiti di cui all'articolo 17, paragrafo 2 del Trattato sull'Unione europea, comprese le esercitazioni, nonché dei militari e del personale civile degli Stati membri messi a disposizione dell'Unione europea per essere impiegati in tale ambito (SOFA UE), fatto a Bruxelles il 17 novembre 2003; b) Accordo tra gli Stati membri della Unione europea relativo alle richieste di indennizzo presentate da uno Stato membro nei confronti di un altro Stato membro per danni causati ai beni di sua proprietà o da esso utilizzati o gestiti o nel caso in cui un militare o un membro del personale civile dei suoi servizi abbia subito ferite o sia deceduto nell'ambito di un'operazione dell'UE di gestione delle crisi, firmato a Bruxelles il 28 aprile 2004","2009-06-25",2009-07-29
29913,"Bilancio di previsione dello Stato per l'anno finanziario 2009 e bilancio pluriennale per il triennio 2009 - 2011","2008-12-13",2008-12-19
32779,"Norme per la regolazione dei rapporti tra lo Stato e l'Unione Buddhista Italiana, in attuazione dell'articolo 8, terzo comma, della Costituzione","2012-09-18",2012-12-11
33367,"Conversione in legge, con modificazioni,  del decreto-legge  26 novembre 2010, n. 196, recante disposizioni relative al subentro delle amministrazioni territoriali della regione Campania nelle attivita' di gestione del ciclo integrato dei rifiuti","2011-01-19",2011-01-20
32651,"Ratifica ed esecuzione del Protocollo di modifica della Convenzione tra il Governo della Repubblica italiana e il Governo della Federazione russa per evitare le doppie imposizioni in materia di imposte sul reddito e sul patrimonio e per prevenire le evasioni fiscali, con Protocollo Aggiuntivo, del 9 aprile 1996, fatto a Lecce il 13 giugno 2009","2011-03-03",2011-04-14
29600,"Modifica all'articolo 8 del decreto legislativo 10 febbraio 1996, n. 103, concernente la misura del contributo previdenziale integrativo dovuto dagli esercenti attività libero - professionale iscritti in albi ed elenchi","2011-04-06",2011-06-15
34851,"Modifiche all'articolo 3 dello Statuto della Regione siciliana, in materia di riduzione dei deputati dell'Assemblea regionale siciliana. Disposizioni transitorie","2012-10-19",2013-01-22
35003,"Conversione in legge, con modificazioni, del decreto-legge 9 febbraio 2012, n. 5, recante disposizioni urgenti in materia di semplificazione e di sviluppo","2012-03-29",2012-04-04
31143,"Disposizioni per l'adempimento di obblighi derivanti dall'appartenenza dell'Italia alle Comunità europee - Legge comunitaria 2008","2009-06-11",2009-06-23
30500,"Ratifica ed esecuzione della Convenzione tra il Governo della Repubblica italiana e il Governo della Repubblica di Slovenia per evitare le doppie imposizioni in materia di imposte sul reddito e sul patrimonio e per prevenire le evasioni fiscali, con Protocollo aggiuntivo, fatta a Lubiana l'11 settembre 2001","2009-04-02",2009-05-14
35261,"Ratifica ed esecuzione del Trattato sulla stabilità, sul coordinamento e sulla governance nell'Unione economica e monetaria tra il Regno del Belgio, la Repubblica di Bulgaria, il Regno di Danimarca, la Repubblica federale di Germania, la Repubblica di Estonia, l'Irlanda, la Repubblica ellenica, il Regno di Spagna, la Repubblica francese, la Repubblica italiana, la Repubblica di Cipro, la repubblica di Lettonia, la Repubblica di Lituania, il Granducato di Lussemburgo, l'Ungheria, Malta, il regno dei Paesi Bassi, la Repubblica d'Austria, la Repubblica di Polonia, la Repubblica portoghese, la Romania, la Repubblica di Slovenia, la Repubblica slovacca, la Repubblica di Finlandia e il Regno di Svezia, con Allegati, fatto a Bruxelles il 2 marzo 2012.","2012-07-13",2012-07-19
35100,"Ratifica ed esecuzione degli Emendamenti alla Costituzione dell'Organizzazione internazionale per le migrazioni, adottati a Ginevra il 24 novembre 1998","2012-08-07",2012-10-16
33491,"Ratifica ed esecuzione della Convenzione tra la Repubblica italiana e la Repubblica del Libano per evitare le doppie imposizioni in materia di imposte sul reddito e per prevenire le evasioni fiscali, con Protocollo aggiuntivo, fatta a Beirut il 22 novembre 2000","2011-03-31",2011-05-18
29835,"Conversione in legge, con modificazioni, del decreto-legge 22 settembre 2008, n. 147, recante disposizioni urgenti per assicurare la partecipazione italiana alla missione di vigilanza dell'Unione europea in Georgia","2008-10-16",2008-11-19
31695,"Ratifica ed esecuzione dell'Accordo tra il Governo della Repubblica italiana ed il Governo della Repubblica di Moldova sulla collaborazione nel settore del turismo, fatto a Roma il 7 dicembre 2006","2009-12-17",2010-02-09
28650,"Disposizioni concernenti la preparazione, il confezionamento e la distribuzione dei prodotti ortofrutticoli di quarta gamma","2011-02-24",2011-04-13
33492,"Ratifica ed esecuzione dell'Accordo di cooperazione culturale fra il Governo della Repubblica italiana e il Governo dello Stato del Qatar, fatto a Doha il 14 gennaio 2007","2011-03-31",2011-05-18
34060,"Ratifica ed esecuzione degli Scambi di Note tra il Governo della Repubblica italiana e il Consiglio federale svizzero relativi alla modifica della Convenzione per la navigazione sul Lago Maggiore e sul Lago di Lugano, con allegati, del 2 dicembre 1992, effettuati a Roma il 23 luglio ed il 24 settembre 2010","2011-08-04",2011-10-20
32283,"Ratifica ed esecuzione della Convenzione tra il Governo della Repubblica Italiana ed il Governo dello Stato del Qatar per evitare le doppie imposizioni in materia di imposte sul reddito e per prevenire l'evasione fiscale, con Protocollo Aggiuntivo, fatta a Roma il 15 ottobre 2002 e del Protocollo di rettifica del testo in lingua italiana della Convenzione e del suo Protocollo Aggiuntivo, fatto a Doha il 19 marzo 2007","2010-04-29",2010-06-03
31535,"Ratifica ed esecuzione dell'Accordo marittimo tra il Governo della Repubblica italiana ed il Governo della Repubblica Araba d'Egitto, fatto a Roma il 3 dicembre 2008","2009-10-22",2009-11-12
35195,"Norme sulla qualità e la trasparenza della filiera degli oli di oliva vergini","2012-11-07",2012-12-18
34587,"Disposizioni per la formazione del bilancio annuale e pluriennale dello Stato (legge di stabilità 2012)","2011-11-11",2011-11-12
31861,"Ratifica ed esecuzione del Protocollo di modifica della Convenzione del 29 gennaio 1951 tra il Governo della Repubblica italiana e il Governo della Repubblica francese relativa alle stazioni internazionali di Modane e Ventimiglia ed ai tratti di ferrovia compresi tra le stazioni e le frontiere d'Italia e di Francia, fatto a Roma il 22 gennaio 2003","2010-02-18",2010-04-08
35038,"Modifica dell'articolo 1 della legge 31 luglio 2002, n. 186, concernente l'istituzione della ""Giornata della memoria dei marinai scomparsi in mare""","2012-09-08",2012-10-31
29369,"Ratifica ed esecuzione della Convenzione penale sulla corruzione, fatta a Strasburgo il 27 gennaio 1999","2012-03-15",2012-06-21
32155,"Conversione in legge, con modificazioni, del decreto-legge 25 gennaio 2010, n. 3, recante misure urgenti per garantire la sicurezza di approvvigionamento di energia elettrica nelle isole maggiori","2010-02-24",2010-03-17
34418,"Conversione in legge, con modificazioni, del decreto-legge 13 agosto 2011, n. 138, recante ulteriori misure urgenti per la stabilizzazione finanziaria e per lo sviluppo. Delega al Governo per la riorganizzazione della distribuzione sul territorio degli uffici giudiziari.","2011-09-08",2011-09-14
30507,"Aumento del contributo dello Stato in favore della Biblioteca italiana per ciechi ""Regina Margherita"" di Monza e modifiche all'articolo 3 della legge 20 gennaio 1994, n. 52, concernenti le attività svolte dalla medesima Biblioteca","2011-03-04",2011-04-19
32819,"Equo compenso nel settore giornalistico","2012-11-08",2012-12-04
31693,"Ratifica ed esecuzione dell'Accordo di mutua assistenza amministrativa tra il Governo della Repubblica italiana ed il Governo del Regno di Norvegia, per la prevenzione, l'accertamento e la repressione delle infrazioni doganali, con Allegato, fatto a Oslo il 16 giugno 2004","2009-12-17",2010-02-09
35667,"Disposizioni per il sostegno e la valorizzazione dei festival musicali ed operistici italiani di assoluto prestigio internazionale","2012-08-07",2012-11-22
34062,"Ratifica ed esecuzione dell'Accordo tra il Governo della Repubblica italiana ed il Governo del Giappone di mutua assistenza amministrativa e cooperazione in materia doganale, fatto a Roma il 15 dicembre 2009","2011-08-04",2011-10-20
31058,"Ratifica ed esecuzione della Convenzione sulla protezione del patrimonio culturale subacqueo, con Allegato, adottata a Parigi il 2 novembre 2001, e norme di adeguamento dell'ordinamento interno","2009-10-01",2009-10-14
31694,"Ratifica ed esecuzione del Trattato sul trasferimento delle persone condannate tra il Governo della Repubblica italiana ed il Governo della Repubblica dominicana, fatto a Santo Domingo il 14 agosto 2002","2009-12-17",2010-02-09
32012,"Ratifica ed esecuzione del Protocollo all'Accordo tra il Governo della Repubblica Italiana e il Governo della Repubblica di Malta, per evitare le doppie imposizioni in materia di imposte sul reddito e per prevenire le evasioni fiscali, fatto a Roma il 13 marzo 2009","2010-02-18",2010-04-08
30501,"Ratifica ed esecuzione della Convenzione tra il Governo della Repubblica italiana e il Governo della Repubblica di Belarus per evitare le doppie imposizioni in materia di imposte sul reddito e sul patrimonio e per prevenire le evasioni fiscali, con Protocollo aggiuntivo, fatta a Minsk, l'11 agosto 2005","2009-03-13",2009-05-14
34588,"Bilancio di previsione dello Stato per l'anno finanziario 2012 e bilancio pluriennale per il triennio 2012-2014","2011-11-11",2011-11-12
34215,"Disposizioni per l'assestamento del bilancio dello Stato e dei bilanci delle Amministrazioni autonome per l'anno finanziario 2011","2011-09-15",2011-11-09
32776,"Norme per la regolazione dei rapporti tra lo Stato e l'Unione Induista Italiana, Sanatana Dharma Samgha, in attuazione dell'articolo 8, terzo comma, della Costituzione","2012-09-18",2012-12-11
31073,"Ratifica ed esecuzione della Convenzione tra il Governo della Repubblica italiana e il Governo del Regno Hascemita di Giordania per evitare le doppie imposizioni in materia di imposte sul reddito e per prevenire le evasioni fiscali, con Protocollo aggiuntivo, fatta ad Amman il 16 marzo 2004","2009-09-24",2009-10-06
31497,"Conversione in legge, con modificazioni, del decreto-legge 3 agosto 2009, n. 103, recante disposizioni correttive del decreto-legge anticrisi n. 78 del 2009","2009-09-23",2009-10-02
31394,"Ratifica ed esecuzione dell'Accordo sui trasporti aerei tra la Comunità europea e gli Stati membri, da una parte, e gli Stati Uniti d'America, dall'altra, con Allegati, fatto a Bruxelles il 25 aprile 2007 e a Washington il 30 aprile 2007","2009-09-24",2009-10-14
31086,"Modifiche al testo unico delle disposizioni in materia di intermediazione finanziaria, di cui al decreto legislativo 24 febbraio 1998, n. 58, concernenti la parità di accesso agli organi di amministrazione e di controllo delle società quotate in mercati regolamentati","2011-03-16",2011-06-28
33550,"Ratifica ed esecuzione della Convenzione di Oslo sulla messa al bando delle munizioni a grappolo, fatta a Dublino il 30 maggio 2008, nonché norme di adeguamento dell'ordinamento interno","2011-03-16",2011-05-18
35391,"Ratifica ed esecuzione dell'Accordo tra il Governo della Repubblica italiana ed il Governo della Repubblica araba di Egitto sul trasferimento delle persone condannate, fatto a Il Cairo il 15 febbraio 2001","2012-11-15",2013-01-22
30473,"Conversione in legge, con modificazioni, del decreto-legge 30 dicembre 2008, n. 208,  recante misure straordinarie in materia di risorse idriche e di protezione dell'ambiente","2009-02-13",2009-02-26
31414,"Disposizioni concernenti la commercializzazione di prodotti tessili, della pelletteria e calzaturieri","2010-03-11",2010-03-17
29986,"Modifica della legge 5 ottobre 1993, n. 409, di approvazione dell'intesa tra il Governo della Repubblica italiana e la Tavola valdese, in attuazione dell'articolo 8, terzo comma, della Costituzione","2009-03-19",2009-05-26
34242,"Conversione in legge, con modificazioni, del decreto-legge 6 luglio 2011, n. 98, recante disposizioni urgenti per la stabilizzazione finanziaria","2011-07-14",2011-07-15
31504,"Ratifica ed esecuzione dell'Accordo tra il Governo della Repubblica italiana e il Governo della Repubblica di Moldova sulla cooperazione nel campo della difesa, fatto a Roma il 6 dicembre 2006","2009-10-01",2009-10-28
31536,"Ratifica ed esecuzione del Protocollo addizionale alla Convenzione di estradizione tra la Repubblica italiana e la Repubblica argentina del 9 dicembre 1987, fatto a Roma il 31 marzo 2003","2009-10-22",2009-11-12
32653,"Conversione in legge del decreto-legge 10 maggio 2010, n. 67, recante disposizioni urgenti per la salvaguardia della stabilità finanziaria dell'area euro. Ordine di esecuzione dell'accordo denominato ""Intercreditor Agreement"" e dell'accordo denominato ""Loan Facility Agreement"" stipulati in data 8 maggio 2010","2010-05-26",2010-06-15
27521,"Disposizioni per garantire l'accesso alle cure palliative e alla terapia del dolore","2010-02-02",2010-03-09
35477,"Conversione in legge, con modificazioni, del decreto-legge 30 maggio 2012, n. 67, recante disposizioni urgenti per il rinnovo dei Comitati e del Consiglio generale degli italiani all'estero","2012-07-05",2012-07-12
35424,"Conversione in legge, con modificazioni, del decreto-legge 18 maggio 2012, n. 63, recante disposizioni urgenti in materia di riordino dei contributi alle imprese editrici, nonché di vendita della stampa quotidiana e periodica e di pubblicità istituzionale","2012-06-28",2012-07-12
35331,"Delega al Governo per la revisione dello strumento militare nazionale e norme sulla medesima materia","2012-11-08",2012-12-11
27611,"Norme per la tutela della libertà d'impresa. Statuto delle imprese","2011-10-24",2011-11-03
33032,"Istituzione del registro nazionale e dei registri regionali degli impianti protesici mammari, obblighi informativi alle pazienti, nonché divieto di intervento di plastica mammaria alle persone minori","2012-03-14",2012-05-22
34061,"Ratifica ed esecuzione dell'Accordo di cooperazione in materia culturale, scientifica, tecnologica e nei settori dell'istruzione e dell'informazione tra il Governo della Repubblica Italiana e il Governo dello Stato del Kuwait, fatto a Kuwait il 7 dicembre 2005","2011-08-04",2011-10-20
33807,"Nuove disposizioni in materia di utilizzo dei termini ""cuoio"", ""pelle"" e ""pelliccia"" e di quelli da essi derivanti o loro sinonimi","2012-11-15",2012-12-19
30818,"Ratifica ed esecuzione dell'Accordo internazionale del 2006 sui legni tropicali, con Allegati, fatto a Ginevra il 27 gennaio 2006","2009-05-19",2009-07-01
32098,"Ratifica ed esecuzione del Protocollo aggiuntivo alla Convenzione tra Italia e Cipro per evitare le doppie imposizioni e per prevenire le evasioni fiscali in materia di imposte sul reddito, fatto a Nicosia il 4 giugno 2009","2010-02-18",2010-04-08
35274,"Disposizioni in materia di riforma del mercato del lavoro in una prospettiva di crescita","2012-06-01",2012-06-27
30285,"Disposizioni in materia di professioni non organizzate","2012-11-20",2012-12-19
35002,"Ratifica ed esecuzione dell'Accordo sul reciproco riconoscimento dei titoli di studi universitari rilasciati nella Repubblica italiana e nella Repubblica di San Marino ai fini del proseguimento degli studi, con Allegati, fatto a San Marino il 24 agosto 2011","2012-11-15",2013-01-22
30216,"Modifica dell'articolo 6 del decreto legislativo 28 febbraio 2001, n. 82, in materia di arruolamento dei congiunti di appartenenti alle Forze armate vittime del dovere","2009-01-28",2009-07-01
35369,"Ratifica ed esecuzione dell'Accordo di cooperazione culturale e di istruzione tra il Governo della Repubblica italiana e il Governo della Repubblica di Serbia, fatto a Roma il 13 novembre 2009","2012-08-07",2012-10-16
32460,"Ratifica ed esecuzione della Convenzione relativa allo sdoganamento centralizzato, concernente l'attribuzione delle spese di riscossione nazionali trattenute allorché le risorse proprie tradizionali sono messe a disposizione del bilancio dell'UE, fatta a Bruxelles il 10 marzo 2009","2010-11-18",2011-01-11
30502,"Ratifica ed esecuzione dell'Accordo tra il Governo della Repubblica italiana e il Governo della Repubblica di Croazia per evitare le doppie imposizioni in materia di imposte sul reddito e per prevenire le evasioni fiscali, con Protocollo aggiuntivo, fatto a Roma il 29 ottobre 1999 e Scambio di Note correttivo effettuato a Zagabria il 28 febbraio 2003, il 7 marzo 2003 ed il 10 marzo 2003","2009-04-02",2009-05-14
34650,"Modifica della disciplina transitoria del conseguimento delle qualifiche professionali di restauratore di beni culturali e di collaboratore restauratore di beni culturali","2012-11-29",2012-12-18
35900,"Conversione in legge, con modificazioni, del decreto-legge 10 ottobre 2012, n. 174, recante disposizioni urgenti in materia di finanza e funzionamento degli enti territoriali, nonché ulteriori disposizioni in favore delle zone terremotate nel maggio 2012. Proroga di termine per l'esercizio di delega legislativa","2012-12-04",2012-12-07
35519,"Ratifica ed esecuzione del Protocollo opzionale alla Convenzione delle Nazioni Unite contro la tortura e altri trattamenti o pene crudeli, inumani o degradanti, fatto a New York il 18 dicembre 2002","2012-09-19",2012-10-24
34279,"Conversione in legge, con modificazioni, del decreto-legge 12 luglio 2011, n. 107, recante proroga degli interventi di cooperazione allo sviluppo e a sostegno dei processi di pace e di stabilizzazione, nonché delle missioni internazionali delle Forze armate e di polizia e disposizioni per l'attuazione delle Risoluzioni 1970 (2011) e 1973 (2011) adottate dal Consiglio di Sicurezza delle Nazioni Unite. Misure urgenti antipirateria","2011-07-27",2011-08-02
31090,"Ratifica ed esecuzione dell'Accordo di cooperazione in materia di lotta alla criminalità tra il Governo della Repubblica italiana ed il Governo del Regno dell'Arabia Saudita, fatto a Roma il 6 novembre 2007","2009-06-26",2009-07-29
32543,"Ratifica ed esecuzione dell'Accordo di coproduzione cinematografica tra il Governo della Repubblica italiana ed il Governo della Repubblica popolare cinese, firmato a Pechino il 4 dicembre 2004, con Nota di interpretazione dell'articolo 10 fatta il 19 marzo 2008 ed il 10 aprile 2008","2011-03-31",2012-09-06
32481,"Ratifica ed esecuzione della Convenzione tra il Governo della Repubblica italiana e il Governo della Repubblica di Moldova per evitare le doppie imposizioni in materia di imposte sul reddito e sul patrimonio e per prevenire le evasioni fiscali, con Protocollo aggiuntivo, fatta a Roma il 3 luglio 2002","2010-11-18",2011-01-11
29634,"Ratifica ed esecuzione del Protocollo n. 13 alla Convenzione per la salvaguardia dei diritti dell'uomo e delle libertà fondamentali, relativo all'abolizione della pena di morte in qualsiasi circostanza, fatto a Vilnius il 3 maggio 2002","2008-09-25",2008-10-09
29449,"Norme per l'adeguamento alle disposizioni dello statuto istitutivo della Corte penale internazionale","2012-09-20",2012-12-04
31361,"Ratifica ed esecuzione dell'Accordo di cooperazione tra la Comunità europea e i suoi Stati membri da un lato, e la Confederazione svizzera, dall'altro, per lottare contro la frode ed ogni altra attività illecita che leda i loro interessi finanziari, con atto finale, processo verbale e dichiarazioni, fatto a Lussemburgo il 26 ottobre 2004","2009-09-24",2009-11-12
29985,"Modifica alla legge 22 novembre 1988, n. 516, recante approvazione dell'intesa tra il Governo della Repubblica italiana e l'Unione Italiana delle Chiese cristiane avventiste del 7° giorno, in attuazione dell'articolo 8, terzo comma, della Costituzione.","2009-03-05",2009-05-26
31498,"Ratifica ed esecuzione della Convenzione tra il Governo della Repubblica italiana ed il Governo del Regno dell'Arabia Saudita per evitare le doppie imposizioni in materia di imposte sul reddito e sul patrimonio e prevenire le evasioni fiscali, con Protocollo aggiuntivo, fatta a Riad il 13 gennaio 2007","2009-09-24",2009-10-06
31234,"Disposizioni in materia di riconoscimento dei figli naturali","2012-05-21",2012-11-27
34470,"Ratifica ed esecuzione della Decisione del Consiglio europeo 2011/199/UE che modifica l'articolo 136 del Trattato sul funzionamento dell'Unione europea relativamente a un meccanismo di stabilità per gli Stati membri la cui moneta è l'euro, fatta a Bruxelles il 25 marzo 2011","2012-07-13",2012-07-19
35091,"Conversione in legge del decreto-legge 27 febbraio 2012, n. 15, recante disposizioni urgenti per le elezioni amministrative del maggio 2012","2012-03-14",2012-03-27
33387,"Modifiche alla legge 31 dicembre 2009, n. 196, conseguenti alle nuove regole adottate dall'Unione europea in materia di coordinamento delle politiche economiche degli Stati membri","2011-03-24",2011-04-06
29576,"Ratifica ed esecuzione della Convenzione tra la Repubblica italiana e la Repubblica islandese per evitare le doppie imposizioni in materia di imposte sul reddito e sul patrimonio e per prevenire le evasioni fiscali, con Protocollo aggiuntivo, fatta a Roma il 10 settembre 2002","2008-07-30",2008-07-31
35408,"Conversione in legge del decreto-legge 15 maggio 2012, n. 58, recante disposizioni urgenti per la partecipazione italiana alla missione di osservatori militari delle Nazioni Unite, denominata United Nations Supervision Mission in Syria (UNSMIS), di cui alla Risoluzione 2043 (2012), adottata dal Consiglio di sicurezza delle Nazioni Unite","2012-06-15",2012-07-04
29384,"Ratifica ed esecuzione del secondo Protocollo alla Convenzione relativa alla tutela degli interessi finanziari stabilito in base all'articolo K3 del Trattato sull'Unione europea del 26 luglio 1995, fatto a Bruxelles il 19 giugno 1997","2008-07-30",2008-07-31
29332,"Conversione in legge, con modificazioni, del decreto-legge 25 giugno 2008, n. 112, recante disposizioni urgenti per lo sviluppo economico, la semplificazione, la competitività, la stabilizzazione della finanza pubblica e la perequazione tributaria","2008-08-01",2008-08-05
35215,"Conversione in legge, con modificazioni, del decreto-legge 24 marzo 2012, n. 29, concernente disposizioni urgenti recanti integrazioni al decreto-legge 24 gennaio 2012, n. 1, convertito, con modificazioni, dalla legge 24 marzo 2012, n. 27, e al decreto-legge 6 dicembre 2011, n. 201, convertito, con modificazioni, dalla legge 22 dicembre 2011, n. 214","2012-05-07",2012-05-17
35559,"Conversione in legge, con modificazioni, del decreto-legge 20 giugno 2012, n. 79, recante misure urgenti per garantire la sicurezza dei cittadini, per assicurare la funzionalità del Corpo nazionale dei vigili del fuoco e di altre strutture dell'Amministrazione dell'interno, nonché in materia di fondo nazionale per il Servizio civile. Differimento di termine per l'esercizio di delega legislativa","2012-07-18",2012-07-31
31503,"Disciplina sanzionatoria dello scarico di acque reflue","2009-11-19",2010-02-02
34857,"Conversione in legge, con modificazioni, del decreto-legge 22 dicembre 2011, n. 211, recante interventi urgenti per il contrasto della tensione detentiva determinata dal sovraffollamento delle carceri","2012-01-26",2012-02-14
34054,"Modifiche allo statuto del Fondo monetario internazionale e quattordicesimo aumento generale delle quote derivanti dalla risoluzione del Consiglio dei Governatori del Fondo n. 66-2 del 15 dicembre 2010","2011-08-04",2011-10-20
35370,"Ratifica ed esecuzione dell'Accordo di cooperazione scientifica e tecnologica tra il Governo della Repubblica italiana ed il Governo della Repubblica di Serbia, con Allegato, fatto a Roma il 21 dicembre 2009","2012-08-07",2012-11-14
35262,"Ratifica ed esecuzione del Trattato che istituisce il Meccanismo europeo di stabilità (MES), con Allegati, fatto a Bruxelles il 2 febbraio 2012","2012-07-13",2012-07-19
32323,"Ratifica ed esecuzione della Convenzione del Consiglio d'Europa sulla lotta contro la tratta di esseri umani, fatta a Varsavia il 16 maggio 2005, nonché norme di adeguamento dell'ordinamento interno","2010-04-15",2010-06-03
34817,"Modifica dell'articolo 13 dello Statuto speciale della regione Friuli-Venezia Giulia, di cui alla legge costituzionale 31 gennaio 1963, n. 1","2012-10-18",2013-01-22
35510,"Conversione in legge, con modificazioni, del decreto-legge 6 giugno 2012, n. 73, recante disposizioni urgenti in materia di qualificazione delle imprese e di garanzia globale di esecuzione","2012-07-05",2012-07-17
32675,"Disposizioni per promuovere il riequilibrio delle rappresentanze di genere nei consigli e nelle giunte degli enti locali e nei consigli regionali. Disposizioni in materia di pari opportunità nella composizione delle commissioni di concorso nelle pubbliche amministrazioni","2012-10-15",2012-11-13
33024,"Modifica della legge 12 aprile 1995, n. 116, recante approvazione dell'intesa tra il Governo della Repubblica italiana e l'Unione cristiana evangelica battista d'Italia, in attuazione dell'articolo 8, terzo comma, della Costituzione","2011-07-29",2012-02-23
36133,"Conversione in legge, con modificazioni, del decreto legge 18 dicembre 2012, n. 223, recante disposizioni urgenti per lo svolgimento delle elezioni politiche nell'anno 2013","2012-12-21",2012-12-28
36055,"Disposizioni per l'attuazione del principio del pareggio di bilancio ai sensi dell'articolo 81, sesto comma, della Costituzione","2012-12-12",2012-12-20
33351,"Norme per lo sviluppo degli spazi verdi urbani","2012-12-20",2012-12-21
35939,"Disposizioni per la formazione del bilancio annuale e pluriennale dello Stato (legge di stabilità 2013)","2012-12-20",2012-12-21
35937,"Conversione in legge, con modificazioni, del decreto-legge 18 ottobre 2012, n. 179, recante ulteriori misure urgenti per la crescita del Paese","2012-12-07",2012-12-13
36218,"Conversione in legge, con modificazioni, del decreto-legge 14 gennaio 2013, n. 1, recante disposizioni urgenti per il superamento di situazioni di criticità nella gestione dei rifiuti e di taluni fenomeni di inquinamento ambientale","2013-01-17",2013-01-22
35918,"Bilancio di previsione dello Stato per l'anno finanziario 2013 e bilancio pluriennale per il triennio 2013-2015","2012-12-20",2012-12-21
36213,"Conversione in legge, con modificazioni, del decreto-legge 28 dicembre 2012, n. 227, recante proroga delle missioni internazionali delle Forze armate e di polizia, iniziative di cooperazione allo sviluppo e sostegno ai processi di ricostruzione e partecipazione alle iniziative delle organizzazioni internazionali per il consolidamento dei processi di pace e di stabilizzazione","2013-01-17",2013-01-22
